name,description,codes
Active Engagement in Health,"This theme captures the proactive involvement of individuals in their health management and discussions. It highlights traits such as active participation in healthcare discussions, engagement in health-related activities, and a commitment to maintaining an active lifestyle. This engagement is crucial for fostering better health outcomes and enhancing personal well-being.","[0, 1, 2, 72, 73, 74, 75, 76, 12]"
Adaptability and Resilience,"This theme reflects the ability to adapt to changing health circumstances and challenges while maintaining a positive outlook. It encompasses traits such as flexibility in health management, resilience in facing health adversities, and a willingness to adjust to new healthcare practices. This adaptability is essential for navigating the complexities of health and wellness.","[3, 4, 5, 151, 152]"
Community and Altruism,"This theme emphasizes the importance of community involvement and altruistic behaviors in health contexts. It highlights traits such as a desire to help others, support for community health initiatives, and engagement in research that benefits society. This sense of community fosters collective well-being and encourages shared learning and support.","[32, 33, 34, 7, 8, 29, 30, 31]"
Critical and Analytical Thinking,"This theme encompasses the tendency to critically evaluate information and make informed decisions regarding health. It includes traits such as analytical thinking, skepticism towards information sources, and a desire for clarity in communication. This critical approach is vital for navigating health information and making sound health decisions.","[9, 10, 11, 43, 46, 57, 58, 59]"
Cautiousness and Trust Issues,"This theme reflects a cautious approach to health decisions, particularly regarding clinical trials and new treatments. It highlights concerns about privacy, skepticism towards healthcare systems, and a need for trust in medical professionals. This cautiousness is essential for ensuring safety and comfort in health-related decisions.","[161, 67, 36, 37, 68, 39, 40, 15, 16, 17, 18, 19, 20, 21]"
Communication Preferences,"This theme highlights the importance of clear, effective communication in healthcare settings. It includes preferences for personal interaction, clarity in health communication, and the value of constructive feedback. Effective communication is crucial for building trust and ensuring that patients feel understood and supported.","[136, 41, 137, 107, 138, 14, 22, 28, 62]"
Technology and Health Management,"This theme captures the role of technology in managing health information and facilitating communication. It reflects traits such as comfort with digital tools, the importance of user-friendly systems, and the desire for efficient health management solutions. Embracing technology can enhance access to healthcare and improve patient experiences.","[103, 105, 172, 173, 174, 78, 175]"
Personalization and Individual Needs,"This theme emphasizes the importance of personalized healthcare experiences and communication. It includes traits such as the desire for tailored information, the need for personal touch in interactions, and the value of understanding individual health needs. Personalization enhances patient satisfaction and engagement in health management.","[141, 142, 109, 110, 121, 187, 126]"
Emotional and Social Support,"This theme reflects the significance of emotional support and social connections in health contexts. It highlights traits such as empathy, supportive behaviors, and the importance of social interactions in managing health challenges. Emotional and social support can significantly impact well-being and health outcomes.","[69, 166, 70, 71, 169, 170, 171, 179]"
Skepticism and Caution,"This theme captures a cautious and questioning attitude towards healthcare practices, particularly regarding clinical trials and new treatments. It reflects concerns about the reliability of information, the motives of healthcare providers, and the need for transparency in health communications. This skepticism is essential for informed decision-making.","[160, 67, 164, 163, 156, 157, 158, 159]"
